ID,type,subType,referenceEntity,referenceEntityKey,status,payload,attempts,lastAttemptTimestamp,createdAt,startAfter,context,error
16052894-670f-4e3a-a18c-a92b3e326ee5,type-1605289,subType-1605289,referenceEntity-1605289,16052898-fbed-4ba0-b6c4-9b452acbfbda,3,payload-1605289,63,2009-12-02T23:00:00.000Z,2013-01-22T23:00:00.000Z,2017-06-09T23:00:00.000Z,context-1605289,error-1605289
16052901-d20d-42cf-a399-9f161356c306,type-1605290,subType-1605290,referenceEntity-1605290,1605290a-9b33-417c-8251-bf8381379747,0,payload-1605290,17,2021-09-23T23:00:00.000Z,2011-08-14T23:00:00.000Z,2001-10-24T23:00:00.000Z,context-1605290,error-1605290
16052911-8a1c-4816-8ecc-5d9c7778bcb0,type-1605291,subType-1605291,referenceEntity-1605291,16052910-aa67-4191-a072-80869cc99681,1,payload-1605291,31,2007-05-01T23:00:00.000Z,2017-09-15T23:00:00.000Z,2000-06-16T23:00:00.000Z,context-1605291,error-1605291
16052929-db87-498c-b172-3df2daf939bf,type-1605292,subType-1605292,referenceEntity-1605292,1605292d-d09f-4c34-b7e1-ef6dad35ff9c,0,payload-1605292,24,2021-09-23T23:00:00.000Z,2020-05-01T23:00:00.000Z,2004-12-14T23:00:00.000Z,context-1605292,error-1605292
16052939-e003-4f21-9efa-dd6f351ecaec,type-1605293,subType-1605293,referenceEntity-1605293,1605293b-4b73-4c15-b6b8-e758a7fe3a34,2,payload-1605293,93,2012-11-29T23:00:00.000Z,2004-03-14T23:00:00.000Z,2014-03-10T23:00:00.000Z,context-1605293,error-1605293
16052942-4236-4a04-b57c-c4f49452df1d,type-1605294,subType-1605294,referenceEntity-1605294,16052945-f31d-4025-8710-234d5ca0a35c,0,payload-1605294,5,2020-04-21T23:00:00.000Z,2010-08-31T23:00:00.000Z,2018-11-07T23:00:00.000Z,context-1605294,error-1605294
16052952-dc42-4122-8c97-eba818feec10,type-1605295,subType-1605295,referenceEntity-1605295,16052959-05f9-48c6-b0ee-18e4fd18361d,2,payload-1605295,92,2014-04-10T23:00:00.000Z,2000-06-01T23:00:00.000Z,2016-09-14T23:00:00.000Z,context-1605295,error-1605295
1605296d-dc5d-4218-ab07-92e4d3f83a40,type-1605296,subType-1605296,referenceEntity-1605296,16052969-c975-439d-8230-5ec634c384fe,1,payload-1605296,22,2014-08-26T23:00:00.000Z,2013-12-23T23:00:00.000Z,2003-12-25T23:00:00.000Z,context-1605296,error-1605296
16052975-f2cf-4de3-9a7b-28f03783ad9a,type-1605297,subType-1605297,referenceEntity-1605297,1605297e-3b0c-4f29-b767-85c9edc6003d,5,payload-1605297,34,2006-02-04T23:00:00.000Z,2011-10-28T23:00:00.000Z,2008-11-29T23:00:00.000Z,context-1605297,error-1605297
16052985-7b59-4896-924c-3f758cb3c47c,type-1605298,subType-1605298,referenceEntity-1605298,1605298b-1611-4a78-b743-70cce9546cce,1,payload-1605298,78,2019-12-08T23:00:00.000Z,2015-05-09T23:00:00.000Z,2011-03-03T23:00:00.000Z,context-1605298,error-1605298